{
    "Ampara": {
        "MAE": 2474.365,
        "RMSE": 3067.6677255041814,
        "sMAPE": 26.23276142335274,
        "WAPE": 0.166923656397562
    },
    "Anuradhapura": {
        "MAE": 6424.5925,
        "RMSE": 7737.954355028745,
        "sMAPE": 22.385743271010586,
        "WAPE": 0.14447026085000853
    },
    "Badulla": {
        "MAE": 9067.3575,
        "RMSE": 11606.712135094862,
        "sMAPE": 23.99417543621667,
        "WAPE": 0.1529237266696628
    },
    "Batticaloa": {
        "MAE": 1957.7683333333337,
        "RMSE": 2207.6277185665463,
        "sMAPE": 34.13665611696462,
        "WAPE": 0.2641468405666445
    },
    "Colombo": {
        "MAE": 44336.57833333334,
        "RMSE": 53865.3494074142,
        "sMAPE": 16.35145263889678,
        "WAPE": 0.11963996851810182
    },
    "Galle": {
        "MAE": 25758.954166666674,
        "RMSE": 31173.608652563125,
        "sMAPE": 15.642263256671566,
        "WAPE": 0.11584868075856343
    },
    "Gampaha": {
        "MAE": 7413.345833333332,
        "RMSE": 8275.093628293578,
        "sMAPE": 13.8659501119028,
        "WAPE": 0.10002265572295815
    },
    "Hambantota": {
        "MAE": 8912.845,
        "RMSE": 9879.953105667219,
        "sMAPE": 14.178957802381717,
        "WAPE": 0.10021188441645959
    },
    "Jaffna": {
        "MAE": 1406.7591666666667,
        "RMSE": 1757.7557162117266,
        "sMAPE": 27.206890084715486,
        "WAPE": 0.18980335057339895
    },
    "Kalutara": {
        "MAE": 12215.717499999999,
        "RMSE": 13614.23705013095,
        "sMAPE": 16.117344489091785,
        "WAPE": 0.11772672588261654
    },
    "Kandy": {
        "MAE": 16993.974166666667,
        "RMSE": 21971.009970329276,
        "sMAPE": 13.922292740461392,
        "WAPE": 0.09553617138895092
    },
    "Kegalle": {
        "MAE": 6096.012500000001,
        "RMSE": 7344.287753208272,
        "sMAPE": 27.171239475496993,
        "WAPE": 0.16449775129300284
    },
    "Kilinochchi": {
        "MAE": 251.83833333333337,
        "RMSE": 305.0426133072777,
        "sMAPE": 24.781198138511996,
        "WAPE": 0.16989318641771425
    },
    "Kurunegala": {
        "MAE": 2488.3116666666665,
        "RMSE": 3035.489095629127,
        "sMAPE": 29.098655883310553,
        "WAPE": 0.16786451540363345
    },
    "Mannar": {
        "MAE": 330.44083333333333,
        "RMSE": 353.6769391808481,
        "sMAPE": 15.665667814498335,
        "WAPE": 0.11145969192711057
    },
    "Matale": {
        "MAE": 18184.344166666666,
        "RMSE": 22682.555999579832,
        "sMAPE": 23.038016617618265,
        "WAPE": 0.15334223212277834
    },
    "Matara": {
        "MAE": 9220.76,
        "RMSE": 11115.277523160034,
        "sMAPE": 17.148458427341883,
        "WAPE": 0.1244087249831333
    },
    "Monaragala": {
        "MAE": 3794.7375000000006,
        "RMSE": 4542.142532686714,
        "sMAPE": 29.4633210501627,
        "WAPE": 0.17066505509331495
    },
    "Mullaitivu": {
        "MAE": 245.06333333333336,
        "RMSE": 297.97621031999626,
        "sMAPE": 24.165391698467538,
        "WAPE": 0.16532268945347126
    },
    "Nuwara Eliya": {
        "MAE": 13717.38,
        "RMSE": 16511.452206804322,
        "sMAPE": 23.440269370625685,
        "WAPE": 0.15423184169102622
    },
    "Polonnaruwa": {
        "MAE": 6124.600000000001,
        "RMSE": 7453.361976109618,
        "sMAPE": 27.874951792028245,
        "WAPE": 0.1652691702271157
    },
    "Puttalam": {
        "MAE": 3352.7933333333335,
        "RMSE": 3835.7570400639306,
        "sMAPE": 16.382561305307387,
        "WAPE": 0.11309174724533076
    },
    "Ratnapura": {
        "MAE": 4598.968333333334,
        "RMSE": 5531.224625422777,
        "sMAPE": 25.18958450995313,
        "WAPE": 0.1551259838093053
    },
    "Trincomalee": {
        "MAE": 3520.4458333333337,
        "RMSE": 4110.201852252311,
        "sMAPE": 23.08633161162572,
        "WAPE": 0.1583290233115899
    },
    "Vavuniya": {
        "MAE": 361.00083333333333,
        "RMSE": 402.82642023788196,
        "sMAPE": 17.174910583523648,
        "WAPE": 0.12176776478521427
    }
}