{
    "Ampara": {
        "MAE": 2475.965833333333,
        "RMSE": 3066.912005189422,
        "sMAPE": 26.242814282825762,
        "WAPE": 0.16703165055092378
    },
    "Anuradhapura": {
        "MAE": 6482.467500000002,
        "RMSE": 7795.123696741979,
        "sMAPE": 22.467383055959164,
        "WAPE": 0.14577170002248435
    },
    "Badulla": {
        "MAE": 9036.193333333333,
        "RMSE": 11612.851283074282,
        "sMAPE": 23.963929421186972,
        "WAPE": 0.15239813357319326
    },
    "Batticaloa": {
        "MAE": 1957.9183333333337,
        "RMSE": 2207.9638077611994,
        "sMAPE": 34.14001422673521,
        "WAPE": 0.2641670789295858
    },
    "Colombo": {
        "MAE": 44408.355,
        "RMSE": 53839.28077668928,
        "sMAPE": 16.37528358407287,
        "WAPE": 0.11983365414886413
    },
    "Galle": {
        "MAE": 25415.7175,
        "RMSE": 31028.072919906335,
        "sMAPE": 15.547130631185595,
        "WAPE": 0.11430500337306007
    },
    "Gampaha": {
        "MAE": 7347.175833333332,
        "RMSE": 8253.898637890763,
        "sMAPE": 13.836183634409306,
        "WAPE": 0.09912987407240724
    },
    "Hambantota": {
        "MAE": 8867.340833333334,
        "RMSE": 9850.870753051478,
        "sMAPE": 14.158635995277821,
        "WAPE": 0.09970025672738084
    },
    "Jaffna": {
        "MAE": 1412.4891666666665,
        "RMSE": 1760.0496755939398,
        "sMAPE": 27.259795640238753,
        "WAPE": 0.19057645603775686
    },
    "Kalutara": {
        "MAE": 12070.244166666665,
        "RMSE": 13452.185602154952,
        "sMAPE": 16.003100022153237,
        "WAPE": 0.11632475344533942
    },
    "Kandy": {
        "MAE": 17048.642499999998,
        "RMSE": 21929.18166321021,
        "sMAPE": 13.93208836479482,
        "WAPE": 0.09584350404767214
    },
    "Kegalle": {
        "MAE": 6143.925,
        "RMSE": 7369.546178342101,
        "sMAPE": 27.255161738977783,
        "WAPE": 0.1657906453789034
    },
    "Kilinochchi": {
        "MAE": 250.06666666666675,
        "RMSE": 304.53494867858217,
        "sMAPE": 24.705074216066556,
        "WAPE": 0.16869799865068102
    },
    "Kurunegala": {
        "MAE": 2487.2516666666666,
        "RMSE": 3035.2692273338785,
        "sMAPE": 29.089565164052285,
        "WAPE": 0.16779300652124082
    },
    "Mannar": {
        "MAE": 330.1858333333333,
        "RMSE": 353.25493460813817,
        "sMAPE": 15.646566500088957,
        "WAPE": 0.11137367888461003
    },
    "Matale": {
        "MAE": 18173.6775,
        "RMSE": 22682.064922034948,
        "sMAPE": 23.031991811338518,
        "WAPE": 0.15325228384303918
    },
    "Matara": {
        "MAE": 9184.168333333333,
        "RMSE": 11104.304395583124,
        "sMAPE": 17.142092162713322,
        "WAPE": 0.12391502136271502
    },
    "Monaragala": {
        "MAE": 3797.661666666667,
        "RMSE": 4550.042144345112,
        "sMAPE": 29.476410832071714,
        "WAPE": 0.17079656697398354
    },
    "Mullaitivu": {
        "MAE": 245.0425,
        "RMSE": 297.76313353346256,
        "sMAPE": 24.154535875357805,
        "WAPE": 0.165308635034762
    },
    "Nuwara Eliya": {
        "MAE": 13702.233333333332,
        "RMSE": 16515.200175635677,
        "sMAPE": 23.431548335596787,
        "WAPE": 0.15406153961472008
    },
    "Polonnaruwa": {
        "MAE": 6144.4800000000005,
        "RMSE": 7459.678221320944,
        "sMAPE": 27.88273900811514,
        "WAPE": 0.16580562176747998
    },
    "Puttalam": {
        "MAE": 3339.7350000000006,
        "RMSE": 3826.892289708888,
        "sMAPE": 16.362242074249362,
        "WAPE": 0.11265128176298313
    },
    "Ratnapura": {
        "MAE": 4618.208333333334,
        "RMSE": 5537.930634158395,
        "sMAPE": 25.23758398385348,
        "WAPE": 0.15577496064762325
    },
    "Trincomalee": {
        "MAE": 3517.005833333334,
        "RMSE": 4107.983249954694,
        "sMAPE": 23.073959684058018,
        "WAPE": 0.15817431227043857
    },
    "Vavuniya": {
        "MAE": 363.68083333333334,
        "RMSE": 406.51634273216285,
        "sMAPE": 17.269754556391337,
        "WAPE": 0.12267174499659247
    }
}